"","V1","V2","V3","V4","V5","V6","V7","V8","V9","V10","V11","V12","V13","V14","V15","V16"
"Axis [s]51",0,0.251904024515358,0.214082230476213,0.123770558944925,0.246033370885177,0.304343213524085,0.321151715701251,0.203183837252996,0.182811219386699,0.223734712864333,0.186095941781039,0.265845511439871,0.137051538811907,0.160052189820377,0.228495073583209,0.163611820913037
"Axis [s]52",0.00529300000000001,0.2896712630215,0.255891513229358,0.177326279142861,0.292351763319069,0.346058882194091,0.361020417570899,0.248743852266274,0.227027573471853,0.266623111084407,0.232178347792253,0.304013206407903,0.180688648557648,0.20404256019812,0.271956744671031,0.19534147440685
"Axis [s]53",0.010665,0.325970372612052,0.295288240544066,0.227328009862379,0.335620117983992,0.384691595304349,0.398637252679786,0.291676036718927,0.269392404823976,0.307128580246772,0.275652305116759,0.340123704583835,0.222059973505001,0.245587952474139,0.312933006413815,0.22588735971762
"Axis [s]54",0.015958,0.359839601728678,0.332411626091564,0.27468437298912,0.376039277998702,0.421020030700391,0.434129411121155,0.332131959776448,0.308797851736423,0.345938087199152,0.31666546239403,0.374287886612803,0.261283160784642,0.284824258159839,0.352125545065408,0.255293640804195
"Axis [s]55",0.021251,0.391926340193276,0.367392850382084,0.318225362635794,0.414341154556011,0.455181628788461,0.467616899028653,0.370254448331416,0.346013724248411,0.382036724464334,0.355357110759385,0.406610656795088,0.298469748894439,0.321879815937068,0.388517254933093,0.283602833958855
"Axis [s]56",0.026544,0.422324398021823,0.400355524308954,0.358876946286017,0.449576582533825,0.48730563223668,0.499670752386471,0.406178091244155,0.381161686658426,0.41612967965108,0.391858656912181,0.437191265204531,0.333725484880114,0.356875831443238,0.422827859920934,0.31125483390158
"Axis [s]57",0.031837,0.451122648138991,0.431416125944433,0.396830866642012,0.482491779163122,0.517513574935401,0.529456329749363,0.440519885784502,0.414356642955042,0.448328390777677,0.42679298517045,0.466543412540495,0.367150625046822,0.390405896894823,0.455176370582066,0.337476229914467
"Axis [s]58",0.03713,0.478405286210433,0.461108210874899,0.432266142246121,0.513239530256917,0.545919741793157,0.557559556083298,0.472390727927948,0.44570711245538,0.478738104237105,0.459250974813936,0.493893711313361,0.399300518354487,0.421593243233173,0.485674991704143,0.362719359514168
"Axis [s]59",0.042423,0.504252076800446,0.488663150257337,0.465349911863636,0.541962560776035,0.573017974596642,0.584075454054789,0.502423309637262,0.475315584571123,0.507458218810904,0.489871712287079,0.519769859054951,0.429320783293074,0.451047201600624,0.514429511505441,0.387020719810703
"Axis [s]60",0.047795,0.529094123010373,0.514628064303645,0.496238222831868,0.568794197330053,0.598113539094803,0.609093679253564,0.530723658905317,0.50368422675636,0.534582610569235,0.518759193418781,0.544251310884973,0.457782295593419,0.478864113437228,0.541539668574302,0.410415446281902
"Axis [s]61",0.053088,0.552273230275001,0.539094703553878,0.525492371629009,0.593858987052982,0.621712259458984,0.632698823336166,0.557391688195839,0.530071184710166,0.560571305239192,0.546011527457643,0.567413239379545,0.484765990909893,0.50513496554044,0.56746970302795,0.4329373635731
"Axis [s]62",0.058381,0.57423245320511,0.562149524191198,0.552389593159505,0.617610803804076,0.643903416102128,0.654970700047375,0.582521547177575,0.554991944151619,0.584744672425677,0.571721270275984,0.589326765395586,0.51034860244679,0.529945687675331,0.591546691229322,0.454619034401612
"Axis [s]63",0.063674,0.595035992624859,0.583873993546503,0.577501899055131,0.6394610498938,0.66477096423868,0.676289094310824,0.606201955113319,0.578527974800775,0.607574939345378,0.595975738713171,0.610059176454028,0.534602879163597,0.553377433643693,0.614246807120489,0.475797368846991
"Axis [s]64",0.068967,0.614744670557883,0.604344877974275,0.600947737380121,0.659872470663106,0.68439385151012,0.696098902339153,0.628839628746149,0.600756219490484,0.629136730204047,0.61918882559359,0.629958740774967,0.557597792650321,0.575827645892157,0.635648788845225,0.495880020934936
"Axis [s]65",0.07426,0.633416108048898,0.623913824067607,0.622837695914647,0.678939811877977,0.702846316665487,0.71478981142811,0.649848482025471,0.621749345704115,0.649500523000169,0.640756440347415,0.648501133036697,0.57971539669117,0.596709279594103,0.655826871809291,0.515213430533439
"Axis [s]66",0.079553,0.651104893626783,0.642074257214783,0.643275023767946,0.696751580353744,0.72044915618559,0.732425019304537,0.669645577436079,0.641575983136509,0.668732879893042,0.661103241752945,0.66604411074351,0.600367917269047,0.616430315267639,0.674851046175078,0.533825550340457
"Axis [s]67",0.084925,0.66810606161292,0.65918676394781,0.662356118376893,0.713390454786161,0.736751075123665,0.74906415415692,0.688300807280654,0.66057239675952,0.686896664771333,0.680298332733632,0.682641541241025,0.619948089851229,0.635055258774842,0.692787299631086,0.551743290196215
"Axis [s]68",0.090218,0.683969162947026,0.675311813626674,0.680427717742639,0.728933669529515,0.75208065364131,0.764763476250302,0.705880032582941,0.678241820776025,0.704299932776694,0.698406904710784,0.698344388484163,0.638511594334973,0.652645030751778,0.709942776410594,0.568992555990085
"Axis [s]69",0.095511,0.698997411213091,0.690506386298136,0.697043337459401,0.743662681517569,0.766495887726408,0.779576068153568,0.722445315605621,0.694929438429991,0.720487571020209,0.715490459010246,0.71320086952671,0.6561112195309,0.669257165874814,0.72587226592776,0.585598287115932
"Axis [s]70",0.100804,0.713234743572614,0.704824174042438,0.712556334759126,0.757212488674221,0.780051314151798,0.793754517430743,0.738055138956927,0.710689804059611,0.735775805342221,0.731607015736582,0.727256602576268,0.672797013277893,0.684946001051751,0.740890807910772,0.601818518954834
"Axis [s]71",0.106097,0.726722784835097,0.718315770701549,0.72703988032189,0.76987004932968,0.7927982168028,0.80692963535235,0.75297760513453,0.725574440676409,0.750214607665862,0.747031597498516,0.740747699347849,0.688616424763521,0.699977645732816,0.755050496019574,0.617199580843653
"Axis [s]72",0.11139,0.73950096915393,0.731212933433656,0.740562289177875,0.781694117369494,0.804784820698181,0.81954071262986,0.766826373677436,0.739632008401723,0.763851173416364,0.761362799500817,0.753318688558723,0.703832288898012,0.713959041306895,0.76840044487382,0.632006806913907
"Axis [s]73",0.116683,0.751606655317584,0.743181797800065,0.753187342931184,0.79273957777184,0.816219513189664,0.831259372900921,0.779876366864508,0.752908463543987,0.776730075786492,0.774882798089981,0.76521211527336,0.718040244993408,0.727163353039292,0.780986960412971,0.646261605801037
"Axis [s]74",0.122055,0.763241756164364,0.754460012939372,0.764974590600701,0.803057701372701,0.826809135952804,0.842476345010512,0.792173656811624,0.765628978265143,0.78889341143082,0.787637510627119,0.776464499365305,0.731510476452029,0.739633771131858,0.792853700514145,0.659984587428279
"Axis [s]75",0.127585,0.774570503888834,0.765087431952115,0.776138227796255,0.812696382854917,0.836767132568813,0.853050579451637,0.803761658266924,0.777460904689614,0.800547468747387,0.799670255366857,0.787573415974802,0.744281288406298,0.751411085281587,0.804203873768189,0.673195592804978
"Axis [s]76",0.132878,0.784830528977041,0.775101608262582,0.786402441081594,0.821830159711554,0.846131176862212,0.862876533120406,0.814681281883632,0.788635386896674,0.811387482465021,0.811021898577169,0.797620550545949,0.756388997057949,0.762533818100312,0.8147429260016,0.685913722713181
"Axis [s]77",0.13825,0.794691715280564,0.784537928318927,0.795985515062196,0.830232686311417,0.854936695573455,0.872147496598329,0.824971078652342,0.799188955953496,0.821625212470842,0.821730993331641,0.807126155610876,0.767868032949969,0.773038351118953,0.824679289515201,0.69833660335029
"Axis [s]78",0.143622,0.804026385561998,0.793429736635972,0.80493265054786,0.838081911681733,0.863217002387968,0.881274717691056,0.83480777832535,0.809156113068546,0.831294122345152,0.831980286058463,0.81651056456157,0.778751038876305,0.783102859165342,0.834047429807874,0.710116773807443
"Axis [s]79",0.148915,0.812736188365875,0.801929775715497,0.813286048795737,0.845414270369536,0.871003423970939,0.889625787506881,0.843936710190649,0.818569442381238,0.84042581639299,0.841503052167513,0.824998018641267,0.789218832807857,0.792464168006837,0.842879841426379,0.721457450307287
"Axis [s]80",0.154208,0.820987606302903,0.809818007954262,0.821085110562427,0.852263797729258,0.87843132741944,0.897385897759008,0.852539099513447,0.827459717484395,0.849050142947618,0.850486791587181,0.833144521134578,0.798993233741028,0.801305176725273,0.85120716067668,0.732375029466428
"Axis [s]81",0.159738,0.829144996961481,0.81725105903865,0.828366621946861,0.85866228790809,0.885310278952176,0.905025690769063,0.860645316445821,0.835977719775897,0.857195291934347,0.858962015386261,0.840735423244591,0.808260115061263,0.809654803522436,0.859058271889743,0.742885296177389
"Axis [s]82",0.165031,0.836532842012575,0.824255194661279,0.835262901181016,0.864639441428107,0.891778930160707,0.911915982626089,0.868283979436878,0.843900699199751,0.86499940389171,0.866957507584893,0.847917184077328,0.817045828885618,0.81754035933085,0.866567619170064,0.753003446430785
"Axis [s]83",0.170324,0.843531875003705,0.830855164883902,0.841603565938808,0.870303492739526,0.897861753721609,0.918417096544602,0.875482056268244,0.851383436111944,0.872258393475665,0.87450042291243,0.854711855897771,0.825375359041021,0.824987637145559,0.873540323590936,0.762744109286043
"Axis [s]84",0.175854,0.850451152002719,0.837074291595094,0.847523460408158,0.875514080052331,0.90358176261995,0.924551014099691,0.882264959261987,0.858450392707657,0.879114065194484,0.881616379031819,0.861512939710288,0.833272392110486,0.832020996390862,0.880114285296812,0.772258644272759
"Axis [s]85",0.181147,0.856717683602571,0.842934550921307,0.853050507155926,0.880381553382386,0.908960597213708,0.930338475301605,0.888749186420241,0.865124671933525,0.885588827855682,0.888426806894398,0.867662771333932,0.840759384790351,0.838759734856614,0.886312306882376,0.781280935256481
"Axis [s]86",0.18644,0.862654416317455,0.848536609750385,0.858210775790812,0.884928506575277,0.91401860710516,0.935799048721911,0.894766862052777,0.871428093014657,0.891703845207484,0.894754473921428,0.873393177712187,0.847960731281417,0.84502764300366,0.89215588694777,0.789966623099965
"Axis [s]87",0.191733,0.868278707006232,0.853735449502245,0.863028605926758,0.889176045685699,0.91884372589881,0.941323808688324,0.900437447546591,0.877381262784968,0.897479105115765,0.900723969659776,0.878814721487431,0.854685056227305,0.850947181768236,0.898063581931879,0.79832826577482
"Axis [s]88",0.197105,0.873684364188391,0.858634296326912,0.867526721986436,0.893143886947573,0.92331224902264,0.946163907752823,0.905780962519183,0.883085148565421,0.902933484897429,0.906355568038442,0.883944050014361,0.861060231714611,0.856537713467688,0.903235150818386,0.806377952740533
"Axis [s]89",0.202398,0.878728163986614,0.863250460963064,0.871907721929964,0.897010580981512,0.927575023387927,0.950994960167405,0.910962029760145,0.888621127075949,0.908159490037843,0.912052600010645,0.889148400114172,0.867192179425593,0.861817524264706,0.908181597977135,0.814127322423697
"Axis [s]90",0.208007,0.883783700651036,0.867600255253581,0.875872947280605,0.900462522893281,0.931522761596576,0.95528881258898,0.915698503256334,0.893618961221455,0.91302045526838,0.917042952553454,0.893720754725351,0.87300111118428,0.866803883979837,0.912774555618315,0.821587579045121
"Axis [s]91",0.2133,0.888295986349119,0.871699049785657,0.879518705200759,0.903733641168363,0.935235033941106,0.959340139342793,0.920226412634763,0.89833908935015,0.917611339643088,0.92175083116178,0.898046664450447,0.878425255791452,0.871513102579626,0.91710485930356,0.828874647049543
"Axis [s]92",0.218909,0.892818772085984,0.875673128604804,0.8829715824003,0.906786253199257,0.938877226192559,0.963273362260405,0.924489377632066,0.902861566073297,0.922010003891209,0.92632086688,0.902317418985985,0.883642456662898,0.876089474386226,0.921423749126404,0.836088014100491
"Axis [s]93",0.224202,0.896855554479349,0.879306087484488,0.886146270667515,0.909594473083676,0.942150835872622,0.966873705130582,0.928445614815083,0.907129107250263,0.926160730353665,0.93050357839018,0.906179977959757,0.888514066994535,0.880282601282075,0.9252594379974,0.842728962433859
"Axis [s]94",0.229495,0.90067988660242,0.882729410749169,0.889153000399327,0.912217773408909,0.945229188600132,0.97027069318717,0.932173662411868,0.911098540431711,0.930021525831923,0.934449531681986,0.909834349251857,0.893199814058495,0.884242674822153,0.928928156858961,0.849215742255902
"Axis [s]95",0.234946,0.90440811845668,0.886048571143963,0.891957326267651,0.914774201211168,0.948249428337632,0.973522252615125,0.935788373959515,0.914956056529542,0.933773483823404,0.938279950642681,0.913392044391135,0.897702229979216,0.88814515898439,0.932384036782047,0.855456970822483
"Axis [s]96",0.240239,0.907834969590678,0.889126762730504,0.894535715221883,0.917056419612101,0.950964025854237,0.976587496190175,0.939092902668665,0.918490583140494,0.937211305905475,0.941785730129663,0.916657693232496,0.901843809819958,0.891668232762006,0.935592948065302,0.861375303174221
"Axis [s]97",0.245532,0.911081470292393,0.891983395492174,0.896943000749987,0.919188355329329,0.95351670912623,0.979435829232121,0.942206831319237,0.92182871281672,0.940458118612643,0.945093068461111,0.919792156898351,0.905770344972838,0.895043728304732,0.938618353793174,0.867072834705173
"Axis [s]98",0.250983,0.914246390843616,0.894792015842375,0.899287608497489,0.921237293461,0.955951856604043,0.982201127979508,0.945268507379208,0.925118349618413,0.943657779250085,0.948348697875736,0.922797568432392,0.909601103056949,0.898319806156054,0.94159458021016,0.872798554250009
"Axis [s]99",0.256355,0.917197706195718,0.897321741843031,0.901379555558635,0.923093921196315,0.958207036896986,0.984732391484681,0.948026236788319,0.928088205643423,0.946546418435039,0.951284545955698,0.925556269869622,0.913176036827019,0.901277374589799,0.944315623749736,0.878069907752479
"Axis [s]100",0.261648,0.919951459028316,0.899705492983111,0.903332679767296,0.924853292897879,0.960327705236918,0.987120683990481,0.95062490466909,0.930893040808757,0.949314110424532,0.954054213279675,0.928166280332671,0.916514164822915,0.904070561819367,0.946842212494341,0.883144597885806
"Axis [s]101",0.267178,0.922673832056091,0.901951692570087,0.905261149818132,0.926541733227335,0.962437105179188,0.989504512528516,0.953215330311225,0.933657130247306,0.95196308487776,0.956818336088083,0.930778753808923,0.919816764651989,0.906708504127111,0.949293288952597,0.888315791104125
"Axis [s]102",0.272471,0.925139383963836,0.904068277854388,0.906956689120705,0.928049066853325,0.964305467861879,0.99162326576534,0.955514699376193,0.936152526598817,0.954390271666852,0.95927476873417,0.933107278129942,0.922810083831634,0.909199830002199,0.951535223764161,0.893008228379847
"Axis [s]103",0.277764,0.9274751772871,0.906062728076753,0.908539711425665,0.929457143483376,0.966062390623705,0.993622347436136,0.95768144442211,0.938509265571757,0.956682601147947,0.961592157457331,0.93531029755035,0.925647979860353,0.911552688363679,0.953648950764287,0.89752560046146
"Axis [s]104",0.283373,0.929816405975526,0.908077913742728,0.910017683427967,0.93077249912987,0.96771452038396,0.995508516838526,0.959723214995409,0.940735051701169,0.958847566149206,0.963810047571301,0.937394576646293,0.928338522828369,0.913903460397883,0.955728318195277,0.901874438671682
"Axis [s]105",0.288666,0.931906054103502,0.909840992646774,0.911397576328238,0.932001239412777,0.969268107601352,0.997313937346604,0.961647219428625,0.942837161417503,0.960892243188579,0.96587072135376,0.939366515390699,0.930889363799808,0.915994891696638,0.957602257911047,0.906061030663001
"Axis [s]106",0.293959,0.93388572694266,0.91159843083792,0.912685898714085,0.933264540850069,0.970855528464011,0.998991598113802,0.963460250288918,0.94505202244804,0.96285130969036,0.967814752749529,0.941394254117313,0.933307756569937,0.917970081561579,0.959394623822854,0.91009142950851
"Axis [s]107",0.299252,0.93576121234024,0.913158362447757,0.913992468125201,0.934329181712226,0.972221767852677,1.00068897901694,0.96531681063074,0.946914258507925,0.964779063625219,0.969807828263196,0.943150614643814,0.935800003737167,0.919835490673936,0.961058901322688,0.914255144696734
"Axis [s]108",0.304545,0.937537993537093,0.914628280040585,0.915108591946451,0.935323716625767,0.973506516848302,1.00217601044842,0.966918185197612,0.948673018913458,0.966494179797833,0.971529003644353,0.944812309269113,0.937963419645051,0.921622759559454,0.962628005057977,0.917979837982512
"Axis [s]109",0.310233,0.939343271100394,0.916053471844134,0.916195655582203,0.93627953367558,0.97476701241615,1.00363998608366,0.968492688252954,0.95035813270248,0.968207810047116,0.973176279228344,0.946407251554634,0.940103810012459,0.923429438749979,0.964235657856622,0.921775362074365
"Axis [s]110",0.315605,0.940954594573939,0.917356330557709,0.917165574572069,0.937145639107042,0.975899948353549,1.00496033853105,0.969910883155157,0.951925533299518,0.969732421099013,0.974728961481069,0.94791498086784,0.942043757893001,0.924991417619296,0.965623094845587,0.925219491500127
"Axis [s]111",0.320898,0.942458055251683,0.918584009343096,0.918071129160296,0.937954712026384,0.976965309460654,1.0062061147407,0.971247278788773,0.953405840855075,0.9711723229958,0.976171581018676,0.949319881392247,0.943882977186269,0.926466581940382,0.966931189536575,0.928535127533003
"Axis [s]112",0.32627,0.943903071780959,0.919791054107972,0.918940946735676,0.938732287232966,0.977981617061912,1.007415574218,0.972524828072561,0.954844411543703,0.972571633438174,0.977552260737492,0.950687615365436,0.945677333763205,0.927900131958516,0.968200189134985,0.931820492746039
"Axis [s]113",0.331563,0.945251358184109,0.920878240037336,0.919728686570102,0.939436880345133,0.978936429404137,1.00852267363674,0.973727623319539,0.956181639108603,0.973853785410395,0.978835070233154,0.951943073939029,0.947327885635132,0.929213630378577,0.969360909505806,0.934889858984237
"Axis [s]114",0.336935,0.946547232540912,0.92190269118261,0.92046415152011,0.94009507643247,0.979820677277115,1.00956724178998,0.974843875337245,0.957425454984573,0.975064699534671,0.980062801459296,0.953130864675924,0.948892735329208,0.930454124756023,0.970455252648499,0.937844713474123
"Axis [s]115",0.342386,0.947791458576679,0.92290992402437,0.921180467386954,0.940736493947964,0.980688232362633,1.01059561435382,0.975941396334997,0.958634201811881,0.976258028071982,0.981253042258776,0.954303511124702,0.950440930107399,0.931659624856496,0.971501958328663,0.940772590977685
"Axis [s]116",0.347679,0.948935104564455,0.923817139237111,0.921819591297592,0.941309111275646,0.981467992608625,1.01152309852691,0.976929961380198,0.959741740372622,0.977335359690549,0.982326372703005,0.95536407689267,0.951844140112616,0.932764171232502,0.972487939888428,0.943507972823013
"Axis [s]117",0.352972,0.950018562046745,0.924672004664081,0.922416302564998,0.941844022103062,0.982201243458495,1.01239819647517,0.977861507536442,0.960787738251296,0.978352833517143,0.983338948346649,0.956367479331873,0.953174490757594,0.933807327088754,0.973403459936181,0.946141303191554
"Axis [s]118",0.358423,0.951074793714974,0.925489205089224,0.923005481585506,0.942365297115985,0.98293059810168,1.01327165877409,0.978790099092071,0.961832825223223,0.97935553100733,0.98434949694489,0.957358088426958,0.954508958892651,0.934835312848758,0.974304097799823,0.9487876617202
"Axis [s]119",0.363795,0.952059738735668,0.926247585924752,0.923523496467349,0.942830658752793,0.983576610728526,1.01404799442221,0.979614355408204,0.962762631402099,0.980260761776779,0.985247555656183,0.958254015836946,0.955700943226995,0.935763354968666,0.975115758614093,0.951224017743148
"Axis [s]120",0.369088,0.952978751046147,0.926962205287022,0.924007135573216,0.943265376610879,0.984184091438266,1.01478048102687,0.980391069906436,0.963640772647161,0.981128090573777,0.986094780648735,0.959101653744638,0.956831035744937,0.936639816648556,0.975881003602136,0.953569478328391
"Axis [s]121",0.374618,0.953887290947269,0.927674538329237,0.924458680100068,0.9436714685643,0.98475533849656,1.0154816091102,0.981122984724625,0.964470119734541,0.981934835881593,0.986894049314558,0.959903604901113,0.957902450076747,0.937515501152081,0.976644231548966,0.95592654286443
"Axis [s]122",0.379911,0.954710121714258,0.928306817082983,0.924880259863277,0.944056288136632,0.985292513087254,1.01613312219146,0.981812683838398,0.965264738608398,0.982696757486124,0.987648076173753,0.960662331772026,0.958918232990255,0.938294578813317,0.977322068924257,0.958096561898771
"Axis [s]123",0.385204,0.955489648036811,0.928911237907674,0.925279535729655,0.944410299050564,0.985797647488732,1.01674783646606,0.982462602183699,0.966003849584414,0.983416345844218,0.988359422093716,0.961390579640892,0.959895261422451,0.939030355456514,0.977961143331977,0.960185621981262
"Axis [s]124",0.390497,0.956228148967904,0.929472154368235,0.925673041585034,0.944769529139339,0.986313782584577,1.01737814381269,0.983128124570402,0.966762477848914,0.98413531077333,0.989088713882888,0.962118308938499,0.960873723041813,0.939735311110674,0.978563671480306,0.962196743524064
"Axis [s]125",0.39579,0.956927783617109,0.930000703804817,0.926018949806927,0.945076573570146,0.986758002585967,1.01792253669046,0.983702170347285,0.967418366535715,0.984784244383866,0.989718513940435,0.962766942580903,0.961747741058562,0.940391012071688,0.97913174331223,0.964161177214652
"Axis [s]126",0.401083,0.957590597463049,0.930534748343213,0.92634157254367,0.945371664569988,0.987181768913677,1.01844362353703,0.984258764608679,0.968046790433999,0.985387849553204,0.990321273118233,0.963388870680273,0.962575717951787,0.941010269272916,0.979667329254763,0.966023978959505
"Axis [s]127",0.40685,0.958273122295907,0.93100198204548,0.926638202443282,0.945639058751531,0.987574217206756,1.01893485186727,0.984767596832739,0.968631315941878,0.985957917720531,0.990881305388093,0.963959745557858,0.963348849155046,0.941645868611479,0.980216073241577,0.967974576198724
"Axis [s]128",0.412143,0.958865132829184,0.93144225457704,0.926915147806149,0.945888845190014,0.987948595603618,1.01939131865365,0.985247080408248,0.969191364934489,0.986496312240503,0.9914096375892,0.964499850907237,0.964081836798439,0.942195381076887,0.980689650437735,0.969695107862138
"Axis [s]129",0.417673,0.95945039723232,0.931875127296406,0.927181163734037,0.946128907286843,0.988310337100209,1.01982824361719,0.985711987245488,0.969719843527835,0.987041586466437,0.991929709526885,0.965025667805026,0.964796945216206,0.942721874983839,0.981142612513228,0.97139993155776
"Axis [s]130",0.422966,0.95998044941509,0.932265016009231,0.92742207786238,0.946346437499337,0.988635471080835,1.02023424978931,0.986136999855896,0.970211405384445,0.987519771096306,0.992405492770216,0.965515324279015,0.965454742865094,0.943211583178559,0.981563204416675,0.972992670250146
"Axis [s]131",0.428259,0.960482605685095,0.932632406652906,0.927647004785729,0.946549643480589,0.988941212196572,1.02062287441053,0.986537498402252,0.970675653472482,0.987971387234536,0.992847549862896,0.965971585645736,0.966078385458298,0.943674073466223,0.981965487683408,0.974525987134213
"Axis [s]132",0.43371,0.960972143450487,0.932988618549832,0.927866075353367,0.946744938526404,0.989241181546699,1.02099968199103,0.986931276471381,0.971133157447358,0.988416444745104,0.993282695569094,0.966415776647928,0.96669539053547,0.944129837987899,0.982355238884451,0.976045305268509
"Axis [s]133",0.439003,0.961422108235953,0.933314254560812,0.928061538338867,0.946924454492577,0.989510794598539,1.02133952290036,0.98728596238218,0.97154618813073,0.988824065353051,0.99367509947118,0.966823504622041,0.967254614548981,0.944541291812779,0.982706485251023,0.977464734611702
"Axis [s]134",0.444296,0.96184839199753,0.933621100129156,0.928246660253369,0.947089598408895,0.989764326373739,1.02166016889208,0.987620190563201,0.97193626865158,0.989203213392374,0.994045291741286,0.967209256506661,0.967792502865375,0.944929877096587,0.983037645160263,0.978831207962329
"Axis [s]135",0.449747,0.962263963827517,0.933926963990015,0.928424218645914,0.947250532517348,0.990002736052344,1.021980215563,0.987953358667077,0.972326009470997,0.989576855227183,0.994394529646715,0.967590090068969,0.968316629962149,0.945312811378084,0.983363421918416,0.980185205797488
"Axis [s]136",0.45504,0.962645941894471,0.9341984538821,0.928582642910213,0.94739627549375,0.990226925603366,1.02226467390769,0.988249092471988,0.972672759006479,0.989914177389582,0.994723999288404,0.967934523840886,0.96879167379808,0.945658515721677,0.983657014092883,0.981468702317982
"Axis [s]137",0.460333,0.963007816984435,0.934454277769593,0.928732685656339,0.947530350286159,0.990440792566696,1.02253306545658,0.988527768812582,0.97300024130949,0.990232757542116,0.995034819629231,0.968265121279807,0.969248593606507,0.94598973883665,0.983933816836207,0.982685795859669
"Axis [s]138",0.465942,0.963370534153721,0.934698830166994,0.92887063986617,0.947655596335617,0.990650297567901,1.02278629769556,0.988794174022521,0.973309526969056,0.990533637012548,0.995345017747958,0.968573171611679,0.969675246770591,0.946297819654948,0.984194790272747,0.983908910859854
"Axis [s]139",0.471235,0.963694274955945,0.934925780430069,0.928999439352501,0.947772595009438,0.990835862817166,1.0230252268538,0.989041410909987,0.973601627086631,0.990817799271271,0.995620685957517,0.968864618369376,0.97007974667432,0.946588777388175,0.984440839620965,0.985051449851633
"Axis [s]140",0.476528,0.964000977727819,0.935139634795406,0.929119691628235,0.947881889392257,0.991010359885245,1.0232506607989,0.989274387559646,0.973877496581539,0.99108617314592,0.995880750242684,0.969140356467288,0.970463243589121,0.946863563734797,0.984676178282425,0.986134878443622
"Axis [s]141",0.4819,0.964295758018047,0.935358617482587,0.929238425967438,0.947992795099674,0.991174448942268,1.02347874461703,0.989506625273345,0.974160650807281,0.991357976352177,0.996129648496699,0.96942389713057,0.97084792744268,0.947138106422787,0.984907342282618,0.987177886540755
"Axis [s]142",0.487193,0.964570805568839,0.935547495495395,0.929344323400805,0.948087589441437,0.991330982679818,1.02367856294064,0.989712769084584,0.97440545799675,0.991596337362839,0.996360903464345,0.969669490718199,0.971196528856939,0.947385901985081,0.985112643464006,0.988181982148653
"Axis [s]143",0.492486,0.96483137774771,0.935728051624463,0.929444493881637,0.948178693380423,0.991486412969765,1.02387255618224,0.989915453745218,0.974646708882097,0.991821454759793,0.996597992543479,0.969908587143578,0.971536211727192,0.947616384267722,0.985306204243749,0.989148617012342
"Axis [s]144",0.498253,0.965099698911972,0.935898038112906,0.92953521207384,0.948262436475702,0.991622107476545,1.02405013121393,0.990098016968256,0.974864508122129,0.992034064373551,0.996802737362903,0.97012805647244,0.971844084101426,0.947834056380113,0.985488696011215,0.990160810232395
"Axis [s]145",0.503546,0.965332436166203,0.936055789493312,0.929619910152797,0.948339475098025,0.991749708380708,1.02421767644047,0.990270050229515,0.975070205288012,0.992234861151027,0.996998691328827,0.970338709445404,0.972135970711492,0.94803963030957,0.985663243794391,0.991053619085797
"Axis [s]146",0.508997,0.965559325049536,0.936206590415968,0.929702402972947,0.948412478193619,0.991873168029394,1.02438262394882,0.990439196724705,0.975270102878524,0.992440961193627,0.997183392813021,0.970537843711975,0.972416721168326,0.948250629315039,0.985837034503291,0.991938276846713
"Axis [s]147",0.51429,0.965767872816289,0.93634653714899,0.929776006164296,0.948479636660726,0.991985794234908,1.02453354481994,0.990591551270089,0.975453263061194,0.992619150312709,0.997355001633342,0.970723396803689,0.972682682380299,0.948433050184067,0.985991373598453,0.992776871361769
"Axis [s]148",0.519583,0.965965445002716,0.936480317889343,0.929844725004045,0.948543277154888,0.992093234677402,1.02467378584594,0.990735118243076,0.97562624589838,0.992787439038041,0.997516896707339,0.970898948787782,0.972931026160803,0.948605332128911,0.986134683110049,0.993572080349151
"Axis [s]149",0.525034,0.966158052468607,0.936608063286183,0.929911654631709,0.948604351899261,0.992195611957677,1.02480802300624,0.990876276122243,0.975796715820901,0.992948681521856,0.997674051624091,0.971072262490548,0.973176726783444,0.948772754009731,0.986271754266213,0.994348828692115
"Axis [s]150",0.530327,0.966335090039957,0.936724843499891,0.929971371758398,0.948658875600386,0.992289005748529,1.02493276093645,0.991003420610126,0.975950614611861,0.993100835313709,0.997817887191187,0.971229010997708,0.973399418124891,0.948926155267559,0.986399029862997,0.9950853911811
"Axis [s]151",0.53562,0.966502810368954,0.936834885048853,0.930027126021006,0.948709808949191,0.992376828995312,1.02505215870478,0.991124966464772,0.976095961974546,0.993242361062731,0.997953581089292,0.971377310932683,0.973610546586506,0.949071030506785,0.986520765070998,0.995804854494376
"Axis [s]152",0.54115,0.966668619476607,0.936944574535986,0.930080679984676,0.948760127708787,0.9924629943192,1.02516632111191,0.991237766881828,0.97624118276155,0.993379897139956,0.998087153467374,0.971525750815258,0.973816525147663,0.949211818823619,0.986638707942231,0.996517041200359
"Axis [s]153",0.546443,0.966818786612971,0.937041936764204,0.930129180488308,0.948804393668277,0.992540439884644,1.02527082162388,0.991344061146875,0.976370384625782,0.993505917890837,0.998207605816148,0.971658056800342,0.974005996016532,0.949340816925802,0.98674499883979,0.99717271213527
"Axis [s]154",0.551815,0.966963116290104,0.937133680819669,0.930175115047547,0.94884574474145,0.992613266150117,1.02536941973074,0.991444224524608,0.976492407353205,0.993624936782904,0.998322886464094,0.971783231638306,0.974188238130961,0.949464411419255,0.986845211361082,0.99780392133468
"Axis [s]155",0.557345,0.967103645755462,0.937220130892426,0.930217348784182,0.948884372871785,0.992682739201722,1.02546783354746,0.99154407021247,0.976607649854513,0.993743852560703,0.99843464686218,0.971901659690137,0.974365817802121,0.949584365712608,0.986945159741101,0.998447133953692
"Axis [s]156",0.562638,0.967230918060864,0.937301592465513,0.930256779864909,0.9489204573634,0.992747077915618,1.0255553040133,0.991632697379452,0.976716488874818,0.99384965152705,0.998535429693501,0.97201370460019,0.9745267675578,0.949692657715306,0.987033925814012,0.999030797093366
"Axis [s]157",0.56801,0.967353242899649,0.937379464876842,0.930293594275642,0.948954165713345,0.992807579097726,1.02563783396628,0.991716212669763,0.976820770352456,0.993949572180343,0.998631885347664,0.972119710412789,0.97467936026344,0.949794930864948,0.987117615689401,0.999592684960439
"Axis [s]158",0.573303,0.967467379252805,0.937455912373808,0.930330437294708,0.948987919402153,0.992867758800344,1.02571570245678,0.991794910928471,0.976923384592703,0.994043941126459,0.998721503690996,0.972227266666689,0.974824029845051,0.949891519688472,0.987196519655891,1.00013360994559
"Axis [s]159",0.578596,0.967575508767663,0.937523768454102,0.930362363754545,0.949017185418171,0.992921061878803,1.02578917277384,0.991869069994441,0.977014679726204,0.994134358848957,0.998806049277277,0.972321761718722,0.974961187697753,0.94998274011986,0.987270911401595,1.00065435413089
"Axis [s]160",0.583889,0.967677947575811,0.937591407438799,0.930392171555499,0.949045705392149,0.992974081725664,1.02585949774942,0.991946016079998,0.977104648619001,0.994218460833833,0.998885809244868,0.972416345943792,0.975102534163092,0.950068890533532,0.987341048963433,1.0011556704205
"Axis [s]161",0.589498,0.967780624757928,0.937651444935888,0.930420402359227,0.949071166236123,0.993021043091943,1.02592957230824,0.992011459636656,0.977185871767465,0.994302489955365,0.998967581400772,0.972500649830689,0.975225231139402,0.950156140003469,0.987411956064496,1.00167356910229
"Axis [s]162",0.59487,0.96787359923515,0.937708018039892,0.930446358683819,0.949094950499118,0.99306520341162,1.02599185232583,0.992073128511105,0.977262581729541,0.994377250381322,0.999038198003425,0.972580409830776,0.975341557278016,0.950232652877956,0.987474027813067,1.0021368605753
"Axis [s]163",0.6004,0.967964125687059,0.93776286977071,0.930472335178968,0.949117808825938,0.993107930519152,1.02605056366973,0.992132922595491,0.977337128875203,0.99445194603717,0.999105782635792,0.972658059785293,0.97545504595914,0.950309097906924,0.987534244420131,1.00260244414033
"Axis [s]164",0.605693,0.968046112124599,0.937813013235802,0.930494845210723,0.949138521702965,0.993146908371794,1.02610512033273,0.99218758567604,0.977405434194851,0.994518402510194,0.999168576495208,0.972729335561905,0.975559439343086,0.950377109404377,0.987589322958034,1.00303108119405
"Axis [s]165",0.610986,0.968123783729405,0.937860263231276,0.930515861463368,0.949157870649728,0.993183561360611,1.02615659552254,0.992239095875416,0.977469944110793,0.994581166584639,0.999227815970764,0.972796769652528,0.975658412273117,0.950441340833135,0.987641251761715,1.00344372667994
"Axis [s]166",0.616358,0.968198435999638,0.937906075531636,0.930536048325824,0.94917646632994,0.993219522416125,1.02620657011323,0.992289040117723,0.977532635187286,0.994642161312803,0.999286129260727,0.972862419778706,0.975754971029643,0.950503760296883,0.987692336439678,1.00385260482918
"Axis [s]167",0.62173,0.968269102378605,0.937947955476893,0.93055433031522,0.949193316646259,0.993251844284743,1.02625231520957,0.992334698583242,0.977590077145404,0.994698049204897,0.999338714779092,0.972922680776374,0.975843791300032,0.950560952488279,0.987738374290168,1.00423460095607
"Axis [s]168",0.627023,0.968335038314969,0.937987990209834,0.930571399100914,0.949209057379571,0.993282677924665,1.02629547652822,0.992377723539729,0.97764432732546,0.994750831901005,0.999388323746574,0.972979693772527,0.975927999724686,0.950614965946367,0.987781779409312,1.00460234559228
"Axis [s]169",0.632395,0.96839841111835,0.938026218828044,0.930588023471689,0.94922418531633,0.993312470795045,1.02633796864881,0.992420026525455,0.977697047936517,0.994802126630184,0.999437157097619,0.973035979855079,0.976011311907206,0.950668193913627,0.987823887277452,1.00497190961129
"Axis [s]170",0.637688,0.96845754171471,0.938061166045828,0.93060285635946,0.949237893366626,0.993339248686529,1.02637629208402,0.992458129899406,0.977746054533761,0.994849808007211,0.999481831859819,0.973087624791346,0.976086822101218,0.950716246909588,0.987862402230793,1.00531214677638
"Axis [s]171",0.64306,0.968514373722618,0.938094096675555,0.930616704927967,0.949250698750208,0.993364429390199,1.0264129748527,0.992494035530215,0.97779163778771,0.994894158808568,0.999523339827515,0.973135747486453,0.976158411553211,0.950761629127336,0.987898714658953,1.00563969039186
"Axis [s]172",0.648511,0.968568940636095,0.938126473828836,0.930630378686909,0.949263349617137,0.993388108171545,1.02644854219598,0.992529827278531,0.977836558855576,0.99493725934174,0.999562498278048,0.973183256618971,0.976230222577509,0.950805731115259,0.9879344368125,1.00596885449929
"Axis [s]173",0.653804,0.968619096499956,0.938155635949832,0.93064240085738,0.949274478722216,0.993410374613871,1.0264806202085,0.992561597516411,0.977877701113316,0.994976751245707,0.999599440203496,0.973226224863719,0.97629436619679,0.950846139814452,0.987966629854129,1.00627189769884
"Axis [s]174",0.659097,0.96866661273012,0.938183115304969,0.930653625229461,0.949284874982543,0.993431312957218,1.02651132492759,0.992591535296553,0.977915969389182,0.995014048933769,0.999634291068055,0.973266877167321,0.976355179264658,0.950884855831379,0.987996981896906,1.0065679058009
"Axis [s]175",0.664706,0.968714239530025,0.938209383931576,0.930664104745528,0.949294726653868,0.993452423796751,1.02653985684154,0.99261974631226,0.977952111277867,0.995050804963489,0.99966954686513,0.973305338356457,0.976412834714491,0.950922431554392,0.988027253937433,1.00684859962714
"Axis [s]176",0.669999,0.968756748514199,0.938233761822705,0.930674029837342,0.949303789600298,0.993470854084432,1.02656677721397,0.99264633016061,0.977986244932654,0.995083988141258,0.999700429411945,0.973341726529788,0.976468290474781,0.950956354060909,0.988054139117124,1.00711882134342
"Axis [s]177",0.675292,0.968797020309369,0.938256733016327,0.930683155291482,0.949312255757258,0.993488185083511,1.02659217706807,0.992671743425638,0.978018481941608,0.995115781940835,0.999729563882961,0.973376153420586,0.976520072811984,0.950988855585649,0.988079486834606,1.00737896164263
"Axis [s]178",0.680585,0.968835172655697,0.938280255069286,0.930692409993078,0.949320846730577,0.993504482361899,1.02661787548585,0.992697032671654,0.978051570215154,0.995145354922518,0.999757049226268,0.973411554489665,0.976573436510718,0.951019086254601,0.988103385011554,1.00764404891214
"Axis [s]179",0.685878,0.968871317096843,0.938300543424851,0.93070031572914,0.949328189685956,0.993519807576655,1.02664038920384,0.99271947914908,0.978080177406976,0.995173284795101,0.999782978789097,0.973442217730204,0.976619759313794,0.951047636707565,0.988125916541734,1.00788811545578
"Axis [s]180",0.69125,0.968906056492206,0.938320214458248,0.93070780320812,0.949335246775509,0.993535259045004,1.02666224660438,0.992740310563055,0.978107978026844,0.995199662851629,0.999809209627755,0.973472069776726,0.976664314794165,0.951076551390403,0.98814746725988,1.00812971352554
"Axis [s]181",0.696938,0.968940819821947,0.938338197004318,0.930714687441267,0.94934164149675,0.993548943679965,1.0266822541498,0.99276022469427,0.978133820173846,0.995226737581823,0.999832186703018,0.973499471309831,0.97670591889258,0.951101907939851,0.988168924505086,1.00835213951432
"Axis [s]182",0.70231,0.968971848274506,0.938355141888738,0.930721114832603,0.949347615129515,0.993561616965407,1.02670113162767,0.99277870596879,0.978157857124291,0.995250145739637,0.999854177242441,0.973525395930431,0.976745935697852,0.951125855176133,0.988187980137177,1.00856940192076
"Axis [s]183",0.707761,0.969001640058194,0.938371571184167,0.930727374875854,0.949353356205036,0.993573878942536,1.0267197164182,0.992796877122373,0.978180887547601,0.995272894011404,0.999875200761492,0.973550634716894,0.976783844516057,0.95114912686222,0.988205673990607,1.00877844005288
"Axis [s]184",0.713054,0.969029023550343,0.938386590250831,0.930732960321477,0.949358558431436,0.993585064945175,1.02673647794964,0.992813244342043,0.978202309186591,0.995293737664555,0.999894442474368,0.973573801686109,0.976819242231227,0.951170449677971,0.988222597619189,1.00897666338774
"Axis [s]185",0.718347,0.969054965887201,0.938400742659935,0.930738175113603,0.949363418094414,0.993595583750134,1.02675229275512,0.992828667526027,0.97822283381242,0.995313708594866,0.999912595029254,0.973595719981156,0.976852801978543,0.951190587374863,0.98823831182915,1.00916749141723
"Axis [s]186",0.723798,0.969080256328391,0.938414657204622,0.930743254129731,0.949368153876067,0.993605903981614,1.0267678623587,0.992843831904685,0.978242754247698,0.995332553831567,0.999930216091968,0.973617058429146,0.976886004544738,0.951210432219255,0.988253770597664,1.00935657724074
"Axis [s]187",0.729091,0.969103502355048,0.938427190043201,0.930747785818612,0.949372381684894,0.99361517982631,1.02678210797028,0.992857490845793,0.978260738246631,0.99535008271604,0.999946577381158,0.97363692943224,0.976916534879939,0.951228347692577,0.988267702142346,1.00953323146491
"Axis [s]188",0.734384,0.969125524975496,0.938438999689086,0.930752016781922,0.949376388027721,0.993623902406155,1.02679534549779,0.992870361960496,0.978277722959761,0.995366637675398,0.99996177889158,0.973655445211182,0.97694504286728,0.951245267426614,0.988280836994438,1.00970329508291
"Axis [s]189",0.739835,0.969146994197422,0.938450771551737,0.930756023903915,0.949380232849596,0.993632460321571,1.02680783534236,0.992882490689391,0.978294692881761,0.995382952214176,0.999976742732445,0.973673724914625,0.976973247440093,0.951261941105383,0.988293758333687,1.00987420007504
"Axis [s]190",0.745128,0.9691667279024,0.938461220454435,0.930759708182979,0.949383665265416,0.993640152193064,1.02681961973468,0.992894085346334,0.978309790896333,0.995397680906164,0.999990432270802,0.97369049734,0.976999182033738,0.951277211932991,0.988305403130292,1.01003154285472
"Axis [s]191",0.7505,0.969185694497469,0.938471066415504,0.930763147971091,0.949386917880437,0.993647385276999,1.02683073852013,0.992904845747359,0.978324049985609,0.995411591254974,1.00000315141888,0.973706125867613,0.97702339870422,0.95129141579997,0.988316382004819,1.01018523294793
"Axis [s]192",0.75603,0.969204161700595,0.938480344226981,0.930766544338984,0.949389910091071,0.993654186938112,1.02684198800184,0.992915572019439,0.978337516764702,0.99542548955229,1.00001515061226,0.973720912034772,0.977046357964114,0.95130483021818,0.988326733038845,1.01033736862908
"Axis [s]193",0.761323,0.969220886759004,0.93848908667327,0.930769530475713,0.949392705266467,0.993660582908947,1.02685184338129,0.992925093102693,0.978350235258544,0.995437854820527,1.00002647060324,0.973734901243779,0.977068125102386,0.951317499065065,0.988336633485687,1.01047743154159
"Axis [s]194",0.766695,0.969236961662864,0.938497324646988,0.930772358629324,0.949395316381276,0.993666684383587,1.02686114210852,0.992934065024724,0.978362247045808,0.995449533060145,1.00003714983741,0.973748136449803,0.977088762017981,0.951329463779365,0.988345826413766,1.01061424291688
"Axis [s]195",0.771988,0.969251960504655,0.938505760170944,0.930774958926285,0.949397965991691,0.993672742847323,1.0268699156244,0.992942641880467,0.978374576021593,0.995460562443249,1.00004795315371,0.973761746172663,0.977110029156663,0.951341581132446,0.988354995111022,1.01074397621855
"Axis [s]196",0.777281,0.969266169978161,0.938513036020109,0.930777386665991,0.949400230690966,0.993678108542205,1.02687819359396,0.992950601616385,0.978385235307722,0.99547097902106,1.00005741638951,0.973773534466536,0.977128490273501,0.9513522073691,0.988363138006875,1.01086886943728
"Axis [s]197",0.782574,0.969279631626743,0.93852018958157,0.930779848790745,0.949402407224088,0.99368322137715,1.02688656886726,0.992958644330828,0.978395594058192,0.995480816841748,1.00006673167139,0.973785010901868,0.977146247055782,0.951362243001135,0.988370815241171,1.01098910314661
"Axis [s]198",0.788341,0.969293493602477,0.938526632798583,0.930781952036134,0.94940437947093,0.993687885566667,1.02689390622721,0.992965681070384,0.978405085471388,0.995490914490168,1.00007513196791,0.973795698102836,0.977162827618069,0.951371720854266,0.988378158280508,1.01111500357704
"Axis [s]199",0.793634,0.969305517246528,0.938532704217344,0.930783915708907,0.949406221846526,0.993692271557034,1.02690092946707,0.992972311941785,0.978414049491622,0.995499644673113,1.00008305677401,0.973805656425004,0.977178547262065,0.951380671929761,0.988384976561903,1.0112260545273
"Axis [s]200",0.799085,0.969317238752745,0.938538508132014,0.93078580188685,0.949407967712661,0.99369651520118,1.02690764475144,0.992978741228643,0.978422760773755,0.995508248071351,1.00009074954818,0.973815214708986,0.977194099599674,0.951389737197807,0.988391962351893,1.01133609161377
"Axis [s]201",0.804378,0.969328012722402,0.938543972289222,0.930787510081237,0.949409596957316,0.993700386470397,1.02691379170185,0.992984703917846,0.978430742660995,0.995516015180458,1.0000977903367,0.973824121107542,0.977208195497713,0.951397686927665,0.988397991230415,1.01143889422361
"Axis [s]202",0.80975,0.969338367874665,0.93854904315309,0.930789104918827,0.949411095764629,0.993704026834803,1.02691959145978,0.992990237581093,0.978438281032493,0.99552335073999,1.00010443258841,0.973832669724991,0.977221753604448,0.951405303650843,0.988403675340072,1.01153786147928
"Axis [s]203",0.815122,0.969348170136697,0.938554028789201,0.930790636817383,0.949412556364718,0.99370754905209,1.0269252221438,0.992995603015928,0.978445709894375,0.995530479506942,1.00011088036034,0.973840981766252,0.977234964843481,0.95141259351439,0.988409112016771,1.01163453122657
"Axis [s]204",0.820415,0.969357316230427,0.938558519354577,0.930792024162902,0.949413860296866,0.993710762198834,1.02693045096721,0.993000508036209,0.97845241660747,0.995537011411749,1.0001167816643,0.973848499348753,0.977246938881279,0.951419272893645,0.988414233287318,1.01172754162693
"Axis [s]205",0.825708,0.969365980977902,0.938562750797165,0.930793319443345,0.949415078365882,0.993713827399391,1.02693530977537,0.993005130142575,0.978458750660224,0.995543180396364,1.00012234893083,0.973855611741823,0.977258291186955,0.951425581034015,0.988418988574889,1.01181574004101
"Axis [s]206",0.831238,0.96937454698809,0.938566968701872,0.930794580998956,0.949416281737022,0.993716789136089,1.02694009324975,0.993009674688708,0.978465079196971,0.995549259791458,1.00012782915536,0.973862730846712,0.977269054042923,0.951431711222099,0.988423601740938,1.01190437480864
"Axis [s]207",0.83661,0.969382417547151,0.938570712584822,0.930795706606237,0.949417340355686,0.993719451150957,1.02694440744185,0.993013768076864,0.978470709649488,0.995554748241915,1.00013277108966,0.97386907617769,0.977279258055384,0.951437409466326,0.988427821281916,1.01198597594002
"Axis [s]208",0.841903,0.969389761247068,0.938574240431414,0.930796757517548,0.94941832926496,0.993721990595964,1.02694847795944,0.993017681218284,0.978476027244375,0.995559931747712,1.00013743329069,0.973875079502306,0.977288932241363,0.951442709578743,0.988431799523232,1.01206453270084
"Axis [s]209",0.847433,0.969397021263415,0.938577564707772,0.930797795163276,0.949419253055165,0.99372434236578,1.02695231856579,0.99302131280231,0.978481049365652,0.99556511076268,1.00014202260007,0.973880759254325,0.977298636369347,0.951447932614264,0.988435713096472,1.01214458334001
"Axis [s]210",0.852805,0.969403691858731,0.938580697160676,0.930798707476699,0.94942011601435,0.993726553862487,1.02695594224674,0.993024734922238,0.978485861189815,0.995569718514825,1.00014616112857,0.973886132873956,0.977307304368403,0.951452647851717,0.988439240034624,1.0122172227846
"Axis [s]211",0.858098,0.969409915921074,0.938583648859074,0.93079955924846,0.949420922148201,0.993728633452782,1.0269593612547,0.993027959659628,0.978490336885233,0.995574070254927,1.00015006539978,0.973891216861397,0.977315522295935,0.951457101016989,0.988442613442885,1.01228715220074
"Axis [s]212",0.863391,0.969415812419631,0.938586631245013,0.93080035449614,0.94942172936633,0.993730701992952,1.02696282045153,0.993031174169065,0.978494808682994,0.995578180207311,1.00015374867362,0.973896375207252,0.977323313521162,0.951461306676012,0.988445745776204,1.01235447269404
"Axis [s]213",0.868684,0.96942139859363,0.93858924052406,0.93080109697071,0.949422429261942,0.99373256066627,1.02696585096425,0.993034068816973,0.978498787208515,0.995582061805982,1.00015727380367,0.97390090714419,0.977330807493022,0.951465278585145,0.988448698983174,1.01241928159804
"Axis [s]214",0.873977,0.969426690775022,0.938591805948055,0.930801859890054,0.949423101910181,0.993734356601274,1.02696887581263,0.993036871782472,0.978502707938156,0.995585780882288,1.00016083315465,0.9739053812991,0.977338413695216,0.951469029736172,0.988451483307355,1.01248167261499
"Axis [s]215",0.879665,0.969432067833461,0.938594116626956,0.930802502465788,0.949423711424621,0.993735970791248,1.02697156430602,0.993039396484706,0.97850624753941,0.995589440515065,1.00016390693044,0.97390942781759,0.977345016322372,0.95147287987971,0.988454260292584,1.01254700417576
"Axis [s]216",0.884958,0.969436798507528,0.93859629397085,0.930803102399813,0.949424289010767,0.99373751065743,1.02697410094775,0.993041810015139,0.978509590461755,0.995592696478001,1.00016680671822,0.973913256233183,0.977351276119026,0.95147620855194,0.988456762307892,1.01260463012574
"Axis [s]217",0.890488,0.969441475274204,0.938598405063804,0.93080366252186,0.949424843310771,0.993738957348602,1.02697656364158,0.993044082321162,0.978512884821603,0.995595905155983,1.00016962160256,0.973916983368292,0.977357383225088,0.951479488816947,0.988459186379565,1.01266172996708
"Axis [s]218",0.895781,0.969445710847685,0.938600334948499,0.930804185473874,0.949425338155049,0.993740297123484,1.02697881791049,0.993046191130778,0.978515858941554,0.995598801935985,1.00017219791701,0.973920404548009,0.977363000890759,0.95148245016545,0.98846137096903,1.01271507573349
"Axis [s]219",0.901074,0.969449723508796,0.93860215347147,0.930804680758839,0.949425800414134,0.993741556986467,1.02698094485364,0.993048178307547,0.978518667803719,0.995601537767537,1.00017462840176,0.973923641329902,0.977368326868425,0.951485246922653,0.988463460461906,1.01276643127895
"Axis [s]220",0.906525,0.969453635337186,0.938603941429899,0.930805155807958,0.949426250889425,0.993742793065821,1.02698303881942,0.993050132138935,0.978521435861657,0.99560419647482,1.00017702088684,0.973926836842945,0.977373522933456,0.951487964783492,0.988465428733871,1.0128173179628
"Axis [s]221",0.911818,0.969457230943382,0.938605551845107,0.930805579664618,0.949426653045511,0.993743920126331,1.02698492735689,0.993051917487346,0.978523934840736,0.995606632579549,1.00017917837219,0.973929726931213,0.977378302571446,0.951490455039061,0.988467256346594,1.01286485906075
"Axis [s]222",0.917111,0.969460637317801,0.938607069333201,0.930805975393897,0.949427028719865,0.993744963892539,1.02698670922586,0.993053574376805,0.978526294963361,0.995608933331479,1.00018121373522,0.973932461246901,0.977382834034633,0.951492806886605,0.988468979445026,1.012910626498
"Axis [s]223",0.922641,0.969464004875604,0.93860856131635,0.93080636081969,0.949427379656292,0.993745987954581,1.02698846346771,0.993055203463197,0.978528556257831,0.995611200670574,1.00018318950446,0.973935160700165,0.977387317268819,0.951495092388661,0.988470674533729,1.01295662036545
"Axis [s]224",0.927934,0.969467054747345,0.938609905146449,0.930806704711053,0.949427707483771,0.993746908383593,1.02699004560982,0.993056670822698,0.978530659590156,0.995613247614078,1.00018499782135,0.973937602141681,0.977391380658746,0.951497186493019,0.988472202158907,1.01299896437695
"Axis [s]225",0.933227,0.969469944108557,0.938611171432414,0.930807025781581,0.94942801813861,0.993747773912912,1.02699153838928,0.993058053547192,0.978532646050246,0.995615208852148,1.00018670378026,0.973939911992184,0.977395233063866,0.951499164207375,0.988473642424953,1.01303972862037
"Axis [s]226",0.938678,0.969472760864049,0.938612416435475,0.930807325545678,0.949428316268992,0.993748587817074,1.02699296726128,0.993059356518296,0.978534630780429,0.995617112365109,1.00018840632406,0.973942192392178,0.977399097392339,0.951501140168051,0.988475039645694,1.01308126805896
"Axis [s]227",0.94405,0.96947538751252,0.938613537810464,0.93080760541725,0.949428582421098,0.993749353175299,1.02699429501982,0.99306058433606,0.978536396580249,0.99561883084802,1.00018991934807,0.973944254833226,0.977402549118822,0.951502898137749,0.988476317646553,1.01311896172111
"Axis [s]228",0.949343,0.969477838331835,0.938614594477829,0.930807870482071,0.949428834631316,0.993750072883148,1.02699554778381,0.993061741335211,0.978538064262921,0.995620453850032,1.00019134672886,0.973946206110969,0.977405821620113,0.951504558399758,0.988477540015211,1.01315524911016
"Axis [s]229",0.954873,0.969480261223358,0.938615590171448,0.930808128218561,0.949429066649581,0.99375079852016,1.02699679820625,0.993062910395829,0.97853963928035,0.995621986676173,1.00019271282412,0.973948052216988,0.977408969267866,0.951506149114959,0.988478724304222,1.01319069409351
"Axis [s]230",0.960166,0.969482455546017,0.938616541995236,0.930808354824283,0.949429283389585,0.993751432019309,1.02699790958509,0.993063933231483,0.978541126781507,0.995623434336718,1.00019398208299,0.973949798819922,0.977411908413529,0.951507628688149,0.988479791593332,1.01322430529512
"Axis [s]231",0.965459,0.96948453438451,0.938617489147398,0.930808566392315,0.949429503324982,0.993752062152293,1.02699897338464,0.993064897071573,0.978542653562271,0.995624801563568,1.00019517949672,0.973951594846507,0.977414694948912,0.951509026026886,0.988480797848196,1.01325666253186
"Axis [s]232",0.970752,0.969486503816611,0.938618329806345,0.930808763920566,0.949429694020074,0.993752620281137,1.0269999619049,0.993065805318871,0.978543973574031,0.995626186261099,1.00019640711886,0.973953150505606,0.977417566581262,0.951510422126574,0.988481746559132,1.01328963509151
"Axis [s]233",0.976045,0.969488369600226,0.93861910995723,0.930808950998482,0.949429869448116,0.99375314511996,1.0270008945915,0.993066661179882,0.978545220238978,0.995627400587844,1.00019746726585,0.973954643671943,0.977420059325637,0.951511664206428,0.988482641016861,1.01331955500777
"Axis [s]234",0.981733,0.969490265307646,0.938619855735003,0.930809135372899,0.949430035686682,0.99375365292527,1.0270018382414,0.993067537589461,0.978546448793673,0.995628613862534,1.00019848189473,0.973956055190515,0.977422456966014,0.951512905184904,0.988483569599349,1.01334962295006
"Axis [s]235",0.987105,0.96949195734544,0.938620547833971,0.93080929514326,0.949430188616186,0.993754116171244,1.02700266494863,0.993068293535808,0.978547557922366,0.995629693308934,1.00019943825946,0.973957370441975,0.977424695785244,0.951514009256753,0.988484359804272,1.01337730484255
"Axis [s]236",0.992398,0.969493536117381,0.938621209439357,0.930809444311164,0.94943033353476,0.993754551786557,1.02700344496172,0.993069016195094,0.97854860542202,0.995630712780041,1.00020032683175,0.973958614802828,0.977426818357486,0.951515051964456,0.98848510482035,1.01340395398051
"Axis [s]237",0.997849,0.969495075216928,0.938621832314786,0.930809587592273,0.94943046877297,0.993754967344392,1.02700421288104,0.993069696568967,0.978549609058505,0.995631689565938,1.00020117725261,0.973959826244196,0.977428918338892,0.951516065257433,0.988485827570095,1.01343073496263
"Axis [s]238",1.003142,0.969496489899608,0.938622410357545,0.930809717353086,0.949430593184008,0.99375535775744,1.02700490546371,0.993070327988746,0.978550556119217,0.995632611293727,1.00020196739093,0.97396093824001,0.977430821662014,0.951516993692931,0.988486488650172,1.01345539073258
"Axis [s]239",1.008435,0.969497830129497,0.938622955045027,0.930809840248837,0.949430709402656,0.993755719317396,1.02700555892788,0.993070922989218,0.978551437023246,0.995633468638221,1.00020272360415,0.973961990300472,0.97743262615823,0.951517870526125,0.988487111925568,1.01347912664641
"Axis [s]240",1.013886,0.969499136681229,0.938623490577758,0.930809956498362,0.949430822658686,0.993756069143013,1.02700619334233,0.993071508005415,0.978552305130418,0.995634290085739,1.00020344656335,0.973963028947201,0.977434411448938,0.951518734607971,0.988487716573101,1.01350264585806
"Axis [s]241",1.019179,0.969500337614664,0.9386239799168,0.930810061778348,0.949430925224084,0.993756388271832,1.02700677406445,0.993072034944367,0.978553088850162,0.995635054154606,1.0002041082496,0.973963968320844,0.9774360295514,0.951519514681371,0.988488269628207,1.01352461878024
"Axis [s]242",1.024472,0.969501475344634,0.938624434034713,0.930810160071892,0.949431019578096,0.993756688365969,1.02700732198618,0.993072531490302,0.978553829022306,0.995635786231942,1.00020473248176,0.97396486995868,0.97743758591949,0.951520251398411,0.988488791056174,1.01354577193784
"Axis [s]243",1.030002,0.969502600109845,0.93862488052011,0.930810255806195,0.949431111526859,0.993756986865523,1.02700786141262,0.993073019704058,0.978554568549871,0.995636496762051,1.00020535546428,0.973965746644405,0.977439039192816,0.951520967332704,0.988489304008099,1.01356673197309
"Axis [s]244",1.035295,0.969503618767825,0.938625288492813,0.930810341223935,0.949431194796257,0.993757251256081,1.02700835496786,0.993073459450591,0.978555226502096,0.995637138225427,1.00020590909909,0.973966539537157,0.977440417007327,0.951521623311603,0.988489766283774,1.01358660064025
"Axis [s]245",1.040588,0.969504583815246,0.938625667100888,0.930810420973303,0.949431271399106,0.993757499876862,1.0270088135969,0.993073873833231,0.978555847895027,0.995637744048355,1.00020643139596,0.973967300578421,0.977441723281097,0.951522242831294,0.988490202123644,1.01360544138199
"Axis [s]246",1.046197,0.969505551108321,0.938626023861829,0.930810496503489,0.949431342957704,0.993757733668467,1.02700924632162,0.993074264314926,0.978556434760091,0.995638349346417,1.00020692412873,0.973968009715838,0.977443033597837,0.95152285334162,0.988490636814723,1.01362437533658
"Axis [s]247",1.05149,0.969506414459336,0.9386263600363,0.930810565948413,0.949431409804213,0.993757956695366,1.02700965460515,0.993074637602296,0.978556989015837,0.99563888787806,1.00020738897085,0.973968680631528,0.977444221009954,0.951523412486248,0.988491022872205,1.0136420619657
"Axis [s]248",1.056783,0.969507232373381,0.93862667681222,0.930810630784931,0.94943147224892,0.993758163239682,1.02701003982799,0.993074984030984,0.978557512474211,0.995639396488262,1.00020783385467,0.9739693153856,0.977445329767175,0.951523932563885,0.988491386852513,1.01365883355934
"Axis [s]249",1.062155,0.969508018492588,0.938627001184565,0.930810696539754,0.949431535614248,0.99375837148557,1.02701043482253,0.993075338777159,0.978558049755257,0.995639876839493,1.00020827709451,0.973969968101318,0.97744638095401,0.951524423735686,0.988491730018158,1.01367497943928
"Axis [s]250",1.067448,0.969508751988584,0.938627280963778,0.930810752710153,0.949431589774441,0.993758553289406,1.02701077597707,0.993075644763175,0.978558514273356,0.995640330501853,1.00020867097862,0.973970533462184,0.977447377559705,0.951524887608232,0.988492053559452,1.01369052294961
"Axis [s]251",1.072741,0.969509446881701,0.938627552230034,0.93081080666383,0.949431641097553,0.993758731661159,1.02701110718631,0.993075941446937,0.97855895934015,0.995640758958207,1.00020904754192,0.973971083866465,0.977448404600371,0.951525325698813,0.988492358598637,1.0137054865635
"Axis [s]252",1.078508,0.969510162439789,0.938627800211818,0.930810855526329,0.949431688311735,0.993758891982047,1.02701141475723,0.993076212671901,0.978559373316917,0.995641198730567,1.00020939219036,0.973971589088817,0.977449296131574,0.951525775350562,0.988492671131893,1.01372115542576
"Axis [s]253",1.083801,0.969510783102811,0.938628033884104,0.930810901146284,0.949431732416892,0.993759042740474,1.02701170056303,0.993076468253032,0.978559769958754,0.995641578947129,1.00020971733031,0.973972067080239,0.977450141371493,0.951526164100559,0.988492940854435,1.0137349762049
"Axis [s]254",1.089173,0.969511379638749,0.938628260446348,0.930810944965883,0.949431775397732,0.993759188606073,1.02701197413319,0.993076716064264,0.978560154924507,0.995641948445222,1.00021003295043,0.973972525870151,0.9774509659941,0.951526541883941,0.988493202515766,1.01374867080424
"Axis [s]255",1.094545,0.969511944323983,0.938628467561343,0.930810984650576,0.94943181376833,0.993759321672132,1.02701222834428,0.993076942610509,0.978560502468303,0.995642287006769,1.0002103218208,0.973972959572991,0.977451724529167,0.951526893048039,0.988493441850465,1.01376146504114
"Axis [s]256",1.099838,0.969512471208906,0.938628662725011,0.930811021701769,0.949431850128954,0.993759446801365,1.02701247167233,0.993077156089921,0.978560830700733,0.995642606757445,1.00021059433995,0.973973363696823,0.977452443678555,0.95152721967658,0.988493667498514,1.01377378195135
"Axis [s]257",1.10521,0.969512977612188,0.938628854608496,0.930811057788271,0.949431885023652,0.993759569568414,1.02701270433091,0.993077363079363,0.978561154164944,0.995642917494212,1.00021086259837,0.973973762668091,0.977453145286263,0.95152753262296,0.988493886402608,1.01378598641165
"Axis [s]258",1.110503,0.969513450116583,0.938629027438063,0.930811089986003,0.94943191617545,0.993759679911683,1.02701291729893,0.9930775550468,0.978561446185673,0.995643202214275,1.00021110450734,0.97397412350598,0.977453790665187,0.951527823704024,0.988494086628393,1.0137973884799
"Axis [s]259",1.115875,0.969513904253277,0.938629190294704,0.930811120047074,0.949431945275922,0.993759783673444,1.02701311823807,0.993077733201842,0.978561721980191,0.995643471114962,1.0002113327233,0.973974464895104,0.977454411421403,0.951528102591978,0.988494275404019,1.01380836516042
"Axis [s]260",1.121405,0.969514346432515,0.938629352630309,0.930811149728686,0.949431972460145,0.993759886883855,1.02701331880163,0.993077908367393,0.97856198245011,0.99564373611052,1.00021156048239,0.97397480660639,0.977455016296325,0.951528369511895,0.988494458537699,1.01381939614705
"Axis [s]261",1.126698,0.96951474689779,0.938629496722114,0.930811175825198,0.949431997854303,0.993759978300603,1.02701349706307,0.993078068428051,0.978562228446948,0.995643975347314,1.00021176288834,0.973975111177152,0.977455564526144,0.9515286140788,0.988494628471389,1.01382955176672
"Axis [s]262",1.131991,0.969515126287133,0.938629632499272,0.930811200189929,0.949432021576272,0.993760064264728,1.02701366525593,0.993078216972064,0.978562464142875,0.995644201291835,1.00021195383729,0.973975399331886,0.977456084290035,0.951528845052713,0.988494786261055,1.01383932850108
"Axis [s]263",1.1376,0.96951550655931,0.938629760441568,0.930811222937802,0.949432045330148,0.99376014627072,1.02701382394891,0.993078356948289,0.978562699237815,0.995644427040604,1.00021213397777,0.973975671955396,0.977456577066046,0.951529075821816,0.988494941485779,1.01384929115518
"Axis [s]264",1.142893,0.969515845968718,0.938629881001105,0.930811244176113,0.949432065925861,0.993760222216139,1.02701397367858,0.993078488850905,0.978562905406148,0.995644627888522,1.0002123063838,0.973975929884799,0.977457044255476,0.951529281132123,0.988495083401472,1.01385833145351
"Axis [s]265",1.148186,0.969516167515479,0.93862999624884,0.930811264005036,0.94943208516536,0.993760293631736,1.02701411699817,0.993078613145584,0.978563100118682,0.995644817577098,1.00021246656874,0.97397617391209,0.977457487186868,0.951529475031313,0.988495215175399,1.01386703447689
"Axis [s]266",1.153479,0.969516472139678,0.938630110930931,0.930811283849369,0.949432103137949,0.993760366602604,1.02701425788444,0.993078738736008,0.978563284011961,0.995644996726356,1.00021262643301,0.973976424844626,0.977457937569382,0.951529658153616,0.98849533941367,1.01387541280834
"Axis [s]267",1.158772,0.969516760731928,0.938630212718721,0.930811301045552,0.949432119927054,0.993760429406159,1.02701438310454,0.993078848617704,0.978563457687159,0.995645168374643,1.00021276850188,0.973976642194127,0.977458334116926,0.95152983109801,0.988495456547223,1.01388347856146
"Axis [s]268",1.164065,0.969517034135967,0.938630307180137,0.930811318024669,0.949432136963681,0.993760489317987,1.02701450809059,0.993078956655554,0.978563633580818,0.995645328033184,1.00021290834956,0.973976850812428,0.9774587318918,0.951529996797926,0.988495566982349,1.01389135706947
"Axis [s]269",1.169832,0.969517315670589,0.938630397479624,0.930811332952958,0.949432151525382,0.993760545604639,1.02701461917852,0.993079055377075,0.978563787832128,0.995645491908484,1.00021303446082,0.973977045202733,0.977459087195465,0.95153016207267,0.988495680130598,1.01389937419796
"Axis [s]270",1.175125,0.969517559868975,0.938630481279629,0.930811346890598,0.949432165128205,0.993760597731482,1.02701472399198,0.993079146995408,0.978563933512421,0.99564563359111,1.00021315515742,0.973977231784138,0.977459424050575,0.951530309110394,0.988495777779832,1.01390665099085
"Axis [s]271",1.180497,0.969517794574616,0.938630563671179,0.930811360090859,0.949432178201461,0.993760647458194,1.02701482574993,0.993079234579454,0.978564075085299,0.995645769341491,1.00021326892312,0.97397741320205,0.977459752689026,0.951530449838226,0.988495872510619,1.01391355131156
"Axis [s]272",1.18579,0.969518013568945,0.938630637881297,0.930811372402519,0.94943219004768,0.993760693509904,1.02701491889581,0.993079315861674,0.978564204804292,0.995645895609618,1.00021337462448,0.973977577280173,0.977460054989483,0.951530578780909,0.988495960413359,1.01392029144247
"Axis [s]273",1.191083,0.969518221037906,0.938630707809207,0.930811383722262,0.949432201113833,0.993760737441207,1.02701500678062,0.993079393564742,0.978564329091411,0.995646016590904,1.00021347434271,0.973977732514665,0.977460341593487,0.951530700556978,0.988496042034278,1.01392668286596
"Axis [s]274",1.196613,0.969518426142698,0.938630776561815,0.930811394595281,0.94943221189789,0.993760779889638,1.02701509210342,0.993079468806716,0.978564448046821,0.995646130752886,1.00021357114128,0.973977885769923,0.977460625147125,0.95153081889775,0.988496120102185,1.01393310591042
"Axis [s]275",1.201985,0.969518614595589,0.938630838487329,0.930811404442299,0.949432221525219,0.993760818042372,1.0270151702051,0.993079536579073,0.978564557042106,0.995646236940577,1.00021365973588,0.973978024377157,0.977460882146636,0.95153092732816,0.988496192591101,1.01393901925244
"Axis [s]276",1.207278,0.969518790433349,0.938630896839504,0.930811413635863,0.949432230518595,0.993760853919458,1.02701524496317,0.993079600442426,0.978564659981037,0.995646337228358,1.00021374331567,0.973978155513613,0.977461125801873,0.951531029732025,0.988496261924528,1.01394471197981
"Axis [s]277",1.212808,0.969518964267388,0.938630951824536,0.930811422590057,0.949432239282715,0.993760889605906,1.02701531644324,0.993079663234134,0.978564761424579,0.995646436059702,1.00021382558872,0.973978279581959,0.977461366863853,0.951531130646682,0.988496328167242,1.01395043287143
"Axis [s]278",1.218101,0.969519121702405,0.938631004386951,0.930811430579325,0.94943224710677,0.99376092121453,1.02701538187375,0.993079719792221,0.978564853006943,0.99564652657765,1.00021389978058,0.973978396963157,0.977461585350949,0.951531221750134,0.9884963887577,1.01395569978012
"Axis [s]279",1.223394,0.969519270851836,0.938631053166084,0.930811438038421,0.949432254415617,0.993760950937833,1.0270154436086,0.993079773088126,0.978564939500508,0.995646610772859,1.00021396977288,0.973978509629007,0.977461792493464,0.951531307790071,0.988496445883219,1.01396077019128
"Axis [s]280",1.228687,0.969519412151738,0.938631101125369,0.930811445303307,0.94943226124318,0.993760978888267,1.02701550438628,0.993079823310006,0.978565022372227,0.995646693745338,1.00021403962506,0.973978619176918,0.977461988880446,0.951531393753714,0.988496502858165,1.01396565143581
"Axis [s]281",1.23398,0.969519546015222,0.938631144947808,0.93081145178531,0.949432267621153,0.993761005171576,1.02701555920138,0.993079870635167,0.978565099454963,0.99564676973842,1.0002141017016,0.973978718254321,0.977462177774808,0.951531470233717,0.988496553458707,1.01397041936306
"Axis [s]282",1.239273,0.969519672833656,0.938631185616042,0.930811457837164,0.949432273665027,0.993761029887197,1.0270156109204,0.993079915876429,0.978565172254577,0.995646840423336,1.00021416026437,0.973978813351662,0.977462354156693,0.951531542462974,0.988496601165595,1.01397494061682
"Axis [s]283",1.244882,0.969519799947195,0.938631223937564,0.930811463487413,0.949432279545141,0.993761054806433,1.02701566042528,0.993079960291103,0.978565244990792,0.995646907180916,1.00021421551224,0.97397890196326,0.977462531084488,0.95153161067774,0.988496646144306,1.01397954784921
"Axis [s]284",1.250175,0.969519913401541,0.938631260047787,0.930811468762708,0.94943228471794,0.993761076561545,1.02701570642697,0.993079999715408,0.978565309703668,0.995646970229367,1.00021426763286,0.973978985798791,0.977462689121352,0.951531676035053,0.988496688550853,1.0139837285379
"Axis [s]285",1.255468,0.969520020884942,0.938631297514031,0.930811473758911,0.949432289828322,0.993761097905965,1.02701574983039,0.99308003901467,0.978565374360188,0.995647029774774,1.00021431680325,0.973979072006616,0.977462847647347,0.951531736825903,0.988496729111416,1.01398775325369
"Axis [s]286",1.26084,0.969520124190131,0.938631329378611,0.930811478682914,0.949432294323981,0.993761117090372,1.02701579433479,0.993080073898322,0.978565431884617,0.995647090081062,1.00021436721411,0.973979146676997,0.977462989247207,0.951531797562848,0.988496768952477,1.01399168453637
"Axis [s]287",1.266133,0.96952022058002,0.938631359404483,0.930811483011319,0.949432298523603,0.993761135130511,1.027015832773,0.99308010676994,0.978565486212686,0.99564714296737,1.0002144107478,0.973979217322726,0.97746312349473,0.951531851599201,0.988496804336088,1.0139954124302
"Axis [s]288",1.2719,0.969520319836385,0.938631388107427,0.930811487105643,0.949432302559731,0.993761152585162,1.02701587009065,0.99308013864223,0.97856553900899,0.99564719436279,1.00021445360086,0.973979286099527,0.977463254467651,0.951531904849731,0.988496839626434,1.0139992636342
"Axis [s]289",1.277193,0.969520405929682,0.93863141513012,0.930811490813618,0.949432306217034,0.993761168508186,1.02701590425001,0.99308016777952,0.978565587384664,0.995647241455084,1.00021449224471,0.973979349230535,0.97746337494404,0.951531952923095,0.988496870968467,1.01400270876746
"Axis [s]290",1.282486,0.969520487492008,0.938631440207802,0.930811494275531,0.949432309633506,0.99376118348147,1.02701593647997,0.993080195236216,0.978565633072331,0.995647285930875,1.00021452870117,0.973979409825491,0.977463489164892,0.951531998982712,0.988496900518167,1.01400602536988
"Axis [s]291",1.287937,0.969520567004784,0.938631464180572,0.930811497600821,0.949432312962886,0.9937611979688,1.02701596777037,0.993080221858204,0.978565678096294,0.995647329760764,1.00021456359234,0.973979467107058,0.977463600599639,0.951532042445231,0.988496929184713,1.01400931169266
"Axis [s]292",1.29323,0.969520640089951,0.938631486427855,0.93081150061233,0.949432315935148,0.993761211184883,1.02701599641257,0.993080246195727,0.978565718743544,0.99564736933019,1.00021459647993,0.973979520481959,0.97746370459259,0.951532082871059,0.988496955405245,1.01401242689989
"Axis [s]293",1.298523,0.969520709328746,0.938631507694933,0.930811503423994,0.949432318711688,0.993761223612683,1.027016023437,0.993080269129499,0.978565757688725,0.995647407242845,1.00021462703625,0.973979570980012,0.977463801696986,0.951532121050025,0.988496980126324,1.01401538093875
"Axis [s]294",1.303974,0.969520776827665,0.938631528287845,0.930811506124698,0.949432321417449,0.993761235805871,1.02701605004243,0.993080291366063,0.978565795487462,0.995647443018493,1.00021465711484,0.973979620834216,0.977463896432785,0.951532158673774,0.988497004108563,1.01401830800807
"Axis [s]295",1.309267,0.969520838870144,0.938631546835894,0.930811508570557,0.949432323832983,0.993761246765133,1.02701607403774,0.993080311694481,0.97856582961184,0.995647476295188,1.00021468423899,0.973979666577623,0.977463983576196,0.951532193132023,0.988497026044482,1.01402104263487
"Axis [s]296",1.31456,0.969520897647412,0.938631564313649,0.930811510887018,0.949432326121983,0.993761257070722,1.02701609667774,0.993080330850387,0.978565861840087,0.995647507722992,1.0002147098278,0.97397970920128,0.977464066194829,0.951532225182702,0.988497046725968,1.01402367523836
"Axis [s]297",1.32009,0.969520955754897,0.938631581735487,0.930811513108834,0.949432328227727,0.993761267321551,1.02701611927542,0.993080349945536,0.978565892277563,0.995647538694383,1.00021473536539,0.973979751281487,0.97746414793414,0.951532256767283,0.988497066789346,1.01402632086642
"Axis [s]298",1.325383,0.969521008380684,0.938631597199402,0.930811515091223,0.949432330194808,0.993761276401036,1.02701613936031,0.993080366895181,0.978565921023773,0.995647566655215,1.00021475806024,0.973979789891912,0.977464222018758,0.951532285281124,0.988497085140787,1.01402875654993
"Axis [s]299",1.330755,0.969521058960743,0.938631611770991,0.930811516968732,0.949432332032358,0.993761284938968,1.02701615831076,0.993080382867197,0.978565948172691,0.995647593062511,1.00021477947048,0.973979825869065,0.977464293276876,0.951532312210169,0.988497102442779,1.0140311013631
"Axis [s]300",1.336285,0.969521108209026,0.938631625501743,0.930811518694975,0.949432333847736,0.993761292967649,1.02701617619084,0.993080398135907,0.978565975668399,0.995647619446928,1.00021479966881,0.973979859907088,0.977464359814813,0.951532337642503,0.988497119699165,1.01403349076652
